--ejercicio 11 unid. 14
-- 10 TUPLAS
USE investigadores
INSERT INTO facultad (codigo, nombre) VALUES 
    (3333, 'Guepardo'),
    (2345, 'Fun'),
    (12345645, 'Future'),
    (657, 'Antigua'),
    (12376745, 'Teresa'),
    (878787, 'Andromeda'),
    (444, 'Dragon'),
    (743, 'Estela'),
    (777, 'Agua'),
    (999, 'Flor');

INSERT INTO investigadores (DNI, nomApels,facultad) VALUES 
    ('3333', 'Jordi',999),
    ('2345', 'Felipe',878787),
    ('12345645', 'Antonio',3333),
    ('657',  'Anna',2345),
    ('12376745',  'Teresa',743),
    ('878787','Adam',12345645),
    ('444','Juan',777),
    ('743','Sergio',12376745),
    ('747', 'Tomas',657),
    ('999', 'Casandra',444);

INSERT INTO equipos (num_serie, nombre,facultad) VALUES 
    ('3', 'patatas',12376745),
    ('23', 'fresas',444),
    ('12', 'tomates',777),
    ('65', 'jabón',657),
    ('37', 'papel',3333),
    ('787', 'pizza',743),
    ('444', 'queso',878787),
    ('743', 'agua',999),
    ('745', 'galletas',2345),
    ('999', 'café',12345645);

INSERT INTO reserva (DNI, num_serie,comienzo,fin) VALUES 
    ('3333', '745',CURDATE(),CURDATE()+5),
    ('2345', '3',CURDATE(),CURDATE()+3),
    ('12345645', '743',CURDATE(),CURDATE()+2),
    ('657',  '65',CURDATE(),CURDATE()+6),
    ('12376745',  '444',CURDATE(),CURDATE()+7),
    ('878787','999',CURDATE(),CURDATE()+2),
    ('444','37',CURDATE(),CURDATE()+1),
    ('743','12',CURDATE(),CURDATE()+9),
    ('747', '787',CURDATE(),CURDATE()+10),
    ('999', '23',CURDATE(),CURDATE()+4);